,Barcode,variable,value,condition,Number
0,CTGAGTCAGAGTGACACACT,rep1,354501,Untreated,1
1,CTGAGTCAGAGTGACACACT,rep2,399541,Untreated,1
2,CTGAGTCAGAGTGACACACT,rep3,418996,Untreated,1
3,CTGAGTCAGAGTGACACACT,rep1,189483,Idling,1
4,CTGAGTCAGAGTGACACACT,rep2,200746,Idling,1
5,CTGAGTCAGAGTGACACACT,rep3,234273,Idling,1
6,CTGACAGTGTCACACAGTGA,rep1,222099,Untreated,6
7,CTGACAGTGTCACACAGTGA,rep2,194059,Untreated,6
8,CTGACAGTGTCACACAGTGA,rep3,227321,Untreated,6
9,CTGACAGTGTCACACAGTGA,rep1,133357,Idling,6
10,CTGACAGTGTCACACAGTGA,rep2,129238,Idling,6
11,CTGACAGTGTCACACAGTGA,rep3,144570,Idling,6
12,CTGAGAGTGAGTCTGTCAGT,rep1,211928,Untreated,2
13,CTGAGAGTGAGTCTGTCAGT,rep2,216583,Untreated,2
14,CTGAGAGTGAGTCTGTCAGT,rep3,241491,Untreated,2
15,CTGAGAGTGAGTCTGTCAGT,rep1,574392,Idling,2
16,CTGAGAGTGAGTCTGTCAGT,rep2,483043,Idling,2
17,CTGAGAGTGAGTCTGTCAGT,rep3,583588,Idling,2
18,CTGAGTCACTCACTGAGTGT,rep1,200855,Untreated,4
19,CTGAGTCACTCACTGAGTGT,rep2,212620,Untreated,4
20,CTGAGTCACTCACTGAGTGT,rep3,218495,Untreated,4
21,CTGAGTCACTCACTGAGTGT,rep1,117716,Idling,4
22,CTGAGTCACTCACTGAGTGT,rep2,123595,Idling,4
23,CTGAGTCACTCACTGAGTGT,rep3,133521,Idling,4
24,CTGAGTGTGAGAGTGTGTGT,rep1,198330,Untreated,3
25,CTGAGTGTGAGAGTGTGTGT,rep2,216497,Untreated,3
26,CTGAGTGTGAGAGTGTGTGT,rep3,231164,Untreated,3
27,CTGAGTGTGAGAGTGTGTGT,rep1,163147,Idling,3
28,CTGAGTGTGAGAGTGTGTGT,rep2,139291,Idling,3
29,CTGAGTGTGAGAGTGTGTGT,rep3,176129,Idling,3
30,CTGAGACTCAGACAGACACT,rep1,189338,Untreated,5
31,CTGAGACTCAGACAGACACT,rep2,213757,Untreated,5
32,CTGAGACTCAGACAGACACT,rep3,219646,Untreated,5
33,CTGAGACTCAGACAGACACT,rep1,75911,Idling,5
34,CTGAGACTCAGACAGACACT,rep2,79074,Idling,5
35,CTGAGACTCAGACAGACACT,rep3,77901,Idling,5
36,CTGAGAGACTCTGTGACTGA,rep1,141571,Untreated,7
37,CTGAGAGACTCTGTGACTGA,rep2,136242,Untreated,7
38,CTGAGAGACTCTGTGACTGA,rep3,156603,Untreated,7
39,CTGAGAGACTCTGTGACTGA,rep1,127382,Idling,7
40,CTGAGAGACTCTGTGACTGA,rep2,106300,Idling,7
41,CTGAGAGACTCTGTGACTGA,rep3,126008,Idling,7
42,CTGACAGACAGTGACTGTCT,rep1,116382,Untreated,9
43,CTGACAGACAGTGACTGTCT,rep2,113508,Untreated,9
44,CTGACAGACAGTGACTGTCT,rep3,129104,Untreated,9
45,CTGACAGACAGTGACTGTCT,rep1,108147,Idling,9
46,CTGACAGACAGTGACTGTCT,rep2,106098,Idling,9
47,CTGACAGACAGTGACTGTCT,rep3,111695,Idling,9
48,CTGACAGTGTGTCAGTCTCT,rep1,103458,Untreated,11
49,CTGACAGTGTGTCAGTCTCT,rep2,98517,Untreated,11
50,CTGACAGTGTGTCAGTCTCT,rep3,99450,Untreated,11
51,CTGACAGTGTGTCAGTCTCT,rep1,32697,Idling,11
52,CTGACAGTGTGTCAGTCTCT,rep2,41183,Idling,11
53,CTGACAGTGTGTCAGTCTCT,rep3,37334,Idling,11
54,CTGACTGTCAGACAGAGTGA,rep1,103149,Untreated,8
55,CTGACTGTCAGACAGAGTGA,rep2,126793,Untreated,8
56,CTGACTGTCAGACAGAGTGA,rep3,123551,Untreated,8
57,CTGACTGTCAGACAGAGTGA,rep1,54946,Idling,8
58,CTGACTGTCAGACAGAGTGA,rep2,57333,Idling,8
59,CTGACTGTCAGACAGAGTGA,rep3,53826,Idling,8
60,CTGAGTCAGTCACACTCTGT,rep1,101353,Untreated,10
61,CTGAGTCAGTCACACTCTGT,rep2,100578,Untreated,10
62,CTGAGTCAGTCACACTCTGT,rep3,102175,Untreated,10
63,CTGAGTCAGTCACACTCTGT,rep1,141284,Idling,10
64,CTGAGTCAGTCACACTCTGT,rep2,150886,Idling,10
65,CTGAGTCAGTCACACTCTGT,rep3,156413,Idling,10
66,CTGACTGTCTGTCAGTGTGT,rep1,80710,Untreated,15
67,CTGACTGTCTGTCAGTGTGT,rep2,63857,Untreated,15
68,CTGACTGTCTGTCAGTGTGT,rep3,83965,Untreated,15
69,CTGACTGTCTGTCAGTGTGT,rep1,84011,Idling,15
70,CTGACTGTCTGTCAGTGTGT,rep2,73390,Idling,15
71,CTGACTGTCTGTCAGTGTGT,rep3,83099,Idling,15
72,CTGACAGACACTCTCAGTCT,rep1,79202,Untreated,13
73,CTGACAGACACTCTCAGTCT,rep2,85843,Untreated,13
74,CTGACAGACACTCTCAGTCT,rep3,91673,Untreated,13
75,CTGACAGACACTCTCAGTCT,rep1,188662,Idling,13
76,CTGACAGACACTCTCAGTCT,rep2,148016,Idling,13
77,CTGACAGACACTCTCAGTCT,rep3,164919,Idling,13
78,CTGAGTGTGACTGTGTGTGA,rep1,79041,Untreated,12
79,CTGAGTGTGACTGTGTGTGA,rep2,87494,Untreated,12
80,CTGAGTGTGACTGTGTGTGA,rep3,101217,Untreated,12
81,CTGAGTGTGACTGTGTGTGA,rep1,62338,Idling,12
82,CTGAGTGTGACTGTGTGTGA,rep2,55547,Idling,12
83,CTGAGTGTGACTGTGTGTGA,rep3,54895,Idling,12
84,CTGACTGTGTGTCAGTGTGA,rep1,75193,Untreated,14
85,CTGACTGTGTGTCAGTGTGA,rep2,69155,Untreated,14
86,CTGACTGTGTGTCAGTGTGA,rep3,72959,Untreated,14
87,CTGACTGTGTGTCAGTGTGA,rep1,101777,Idling,14
88,CTGACTGTGTGTCAGTGTGA,rep2,88422,Idling,14
89,CTGACTGTGTGTCAGTGTGA,rep3,96238,Idling,14
90,CTGACACACTGTGACTGTGT,rep1,65938,Untreated,16
91,CTGACACACTGTGACTGTGT,rep2,55425,Untreated,16
92,CTGACACACTGTGACTGTGT,rep3,58333,Untreated,16
93,CTGACACACTGTGACTGTGT,rep1,107376,Idling,16
94,CTGACACACTGTGACTGTGT,rep2,114885,Idling,16
95,CTGACACACTGTGACTGTGT,rep3,131074,Idling,16
96,CTGAGTGTCACTCTCTCAGA,rep1,63819,Untreated,18
97,CTGAGTGTCACTCTCTCAGA,rep2,56232,Untreated,18
98,CTGAGTGTCACTCTCTCAGA,rep3,66724,Untreated,18
99,CTGAGTGTCACTCTCTCAGA,rep1,56125,Idling,18
100,CTGAGTGTCACTCTCTCAGA,rep2,49090,Idling,18
101,CTGAGTGTCACTCTCTCAGA,rep3,48659,Idling,18
102,CTGAGAGTCACTGAGTGTGT,rep1,60306,Untreated,17
103,CTGAGAGTCACTGAGTGTGT,rep2,58071,Untreated,17
104,CTGAGAGTCACTGAGTGTGT,rep3,69333,Untreated,17
105,CTGAGAGTCACTGAGTGTGT,rep1,105401,Idling,17
106,CTGAGAGTCACTGAGTGTGT,rep2,108302,Idling,17
107,CTGAGAGTCACTGAGTGTGT,rep3,108291,Idling,17
108,CTGAGAGTGACAGACTCAGT,rep1,58089,Untreated,19
109,CTGAGAGTGACAGACTCAGT,rep2,56709,Untreated,19
110,CTGAGAGTGACAGACTCAGT,rep3,58234,Untreated,19
111,CTGAGAGTGACAGACTCAGT,rep1,75748,Idling,19
112,CTGAGAGTGACAGACTCAGT,rep2,75644,Idling,19
113,CTGAGAGTGACAGACTCAGT,rep3,76788,Idling,19
114,CTGACACACTCTCACTGACA,rep1,53818,Untreated,21
115,CTGACACACTCTCACTGACA,rep2,54677,Untreated,21
116,CTGACACACTCTCACTGACA,rep3,55128,Untreated,21
117,CTGACACACTCTCACTGACA,rep1,49936,Idling,21
118,CTGACACACTCTCACTGACA,rep2,40068,Idling,21
119,CTGACACACTCTCACTGACA,rep3,58450,Idling,21
120,CTGAGTGTGTGAGTCTGTGA,rep1,52650,Untreated,26
121,CTGAGTGTGTGAGTCTGTGA,rep2,44106,Untreated,26
122,CTGAGTGTGTGAGTCTGTGA,rep3,49544,Untreated,26
123,CTGAGTGTGTGAGTCTGTGA,rep1,32506,Idling,26
124,CTGAGTGTGTGAGTCTGTGA,rep2,27660,Idling,26
125,CTGAGTGTGTGAGTCTGTGA,rep3,28451,Idling,26
126,CTGACTCAGTCTGTCTGTCA,rep1,52347,Untreated,22
127,CTGACTCAGTCTGTCTGTCA,rep2,51649,Untreated,22
128,CTGACTCAGTCTGTCTGTCA,rep3,53229,Untreated,22
129,CTGACTCAGTCTGTCTGTCA,rep1,72119,Idling,22
130,CTGACTCAGTCTGTCTGTCA,rep2,64014,Idling,22
131,CTGACTCAGTCTGTCTGTCA,rep3,70736,Idling,22
132,CTGAGTGTCACACACACTGA,rep1,51482,Untreated,28
133,CTGAGTGTCACACACACTGA,rep2,41549,Untreated,28
134,CTGAGTGTCACACACACTGA,rep3,43886,Untreated,28
135,CTGAGTGTCACACACACTGA,rep1,31562,Idling,28
136,CTGAGTGTCACACACACTGA,rep2,28229,Idling,28
137,CTGAGTGTCACACACACTGA,rep3,26928,Idling,28
138,CTGACAGTCACACTGACTCA,rep1,51128,Untreated,20
139,CTGACAGTCACACTGACTCA,rep2,57095,Untreated,20
140,CTGACAGTCACACTGACTCA,rep3,62181,Untreated,20
141,CTGACAGTCACACTGACTCA,rep1,42162,Idling,20
142,CTGACAGTCACACTGACTCA,rep2,46647,Idling,20
143,CTGACAGTCACACTGACTCA,rep3,58751,Idling,20
144,CTGACTGAGAGTGAGTCACA,rep1,49924,Untreated,23
145,CTGACTGAGAGTGAGTCACA,rep2,48222,Untreated,23
146,CTGACTGAGAGTGAGTCACA,rep3,55899,Untreated,23
147,CTGACTGAGAGTGAGTCACA,rep1,73304,Idling,23
148,CTGACTGAGAGTGAGTCACA,rep2,76846,Idling,23
149,CTGACTGAGAGTGAGTCACA,rep3,90496,Idling,23
150,CTGACTCAGTCACTGTGAGA,rep1,48911,Untreated,27
151,CTGACTCAGTCACTGTGAGA,rep2,45985,Untreated,27
152,CTGACTCAGTCACTGTGAGA,rep3,48229,Untreated,27
153,CTGACTCAGTCACTGTGAGA,rep1,39633,Idling,27
154,CTGACTCAGTCACTGTGAGA,rep2,33186,Idling,27
155,CTGACTCAGTCACTGTGAGA,rep3,38611,Idling,27
156,CTGACTCTCTCTCAGACTGA,rep1,47619,Untreated,30
157,CTGACTCTCTCTCAGACTGA,rep2,33681,Untreated,30
158,CTGACTCTCTCTCAGACTGA,rep3,46779,Untreated,30
159,CTGACTCTCTCTCAGACTGA,rep1,41110,Idling,30
160,CTGACTCTCTCTCAGACTGA,rep2,36765,Idling,30
161,CTGACTCTCTCTCAGACTGA,rep3,38012,Idling,30
162,CTGAGTGACTGTGAGACTGA,rep1,46163,Untreated,25
163,CTGAGTGACTGTGAGACTGA,rep2,48566,Untreated,25
164,CTGAGTGACTGTGAGACTGA,rep3,52632,Untreated,25
165,CTGAGTGACTGTGAGACTGA,rep1,61934,Idling,25
166,CTGAGTGACTGTGAGACTGA,rep2,51505,Idling,25
167,CTGAGTGACTGTGAGACTGA,rep3,64915,Idling,25
168,CTGACTGTCTGAGAGTCACA,rep1,43874,Untreated,29
169,CTGACTGTCTGAGAGTCACA,rep2,37451,Untreated,29
170,CTGACTGTCTGAGAGTCACA,rep3,41603,Untreated,29
171,CTGACTGTCTGAGAGTCACA,rep1,57565,Idling,29
172,CTGACTGTCTGAGAGTCACA,rep2,54449,Idling,29
173,CTGACTGTCTGAGAGTCACA,rep3,59907,Idling,29
174,CTGACTGAGAGACTGAGACA,rep1,43385,Untreated,24
175,CTGACTGAGAGACTGAGACA,rep2,50031,Untreated,24
176,CTGACTGAGAGACTGAGACA,rep3,49082,Untreated,24
177,CTGACTGAGAGACTGAGACA,rep1,62886,Idling,24
178,CTGACTGAGAGACTGAGACA,rep2,61977,Idling,24
179,CTGACTGAGAGACTGAGACA,rep3,74010,Idling,24
180,CTGACTGACTGTGTCTGTGA,rep1,35761,Untreated,31
181,CTGACTGACTGTGTCTGTGA,rep2,35699,Untreated,31
182,CTGACTGACTGTGTCTGTGA,rep3,36399,Untreated,31
183,CTGACTGACTGTGTCTGTGA,rep1,120160,Idling,31
184,CTGACTGACTGTGTCTGTGA,rep2,92096,Idling,31
185,CTGACTGACTGTGTCTGTGA,rep3,101737,Idling,31
186,CTGACTCTGTCACAGAGTGA,rep1,35621,Untreated,32
187,CTGACTCTGTCACAGAGTGA,rep2,34869,Untreated,32
188,CTGACTCTGTCACAGAGTGA,rep3,39558,Untreated,32
189,CTGACTCTGTCACAGAGTGA,rep1,39138,Idling,32
190,CTGACTCTGTCACAGAGTGA,rep2,37434,Idling,32
191,CTGACTCTGTCACAGAGTGA,rep3,40094,Idling,32
192,CTGACAGTGTGTGACTGACT,rep1,33569,Untreated,35
193,CTGACAGTGTGTGACTGACT,rep2,28107,Untreated,35
194,CTGACAGTGTGTGACTGACT,rep3,37410,Untreated,35
195,CTGACAGTGTGTGACTGACT,rep1,55824,Idling,35
196,CTGACAGTGTGTGACTGACT,rep2,53944,Idling,35
197,CTGACAGTGTGTGACTGACT,rep3,58740,Idling,35
198,CTGAGTGTGTGAGTCACAGT,rep1,31162,Untreated,33
199,CTGAGTGTGTGAGTCACAGT,rep2,35193,Untreated,33
200,CTGAGTGTGTGAGTCACAGT,rep3,41797,Untreated,33
201,CTGAGTGTGTGAGTCACAGT,rep1,45425,Idling,33
202,CTGAGTGTGTGAGTCACAGT,rep2,50370,Idling,33
203,CTGAGTGTGTGAGTCACAGT,rep3,62699,Idling,33
204,CTGAGAGTCAGTGAGTCTCT,rep1,30595,Untreated,34
205,CTGAGAGTCAGTGAGTCTCT,rep2,32052,Untreated,34
206,CTGAGAGTCAGTGAGTCTCT,rep3,32590,Untreated,34
207,CTGAGAGTCAGTGAGTCTCT,rep1,85822,Idling,34
208,CTGAGAGTCAGTGAGTCTCT,rep2,77665,Idling,34
209,CTGAGAGTCAGTGAGTCTCT,rep3,84187,Idling,34
210,CTGAGAGTCAGTCTGTCAGA,rep1,27695,Untreated,36
211,CTGAGAGTCAGTCTGTCAGA,rep2,30646,Untreated,36
212,CTGAGAGTCAGTCTGTCAGA,rep3,30014,Untreated,36
213,CTGAGAGTCAGTCTGTCAGA,rep1,35053,Idling,36
214,CTGAGAGTCAGTCTGTCAGA,rep2,27604,Idling,36
215,CTGAGAGTCAGTCTGTCAGA,rep3,29369,Idling,36
